Term,Definition,Category,Favorite
Competent,"Competent means having the necessary skill, knowledge, or qualifications to do something well.",General,
Fiduciary,A fiduciary is a person or organization legally and ethically bound to act in your best interest.,Legal,
Statutory,A statutory defense is a legal defense explicitly created by a formally written legislative act (statute) rather than by common law or judicial precedent.,Legal,
Sever,"To sever means to cut, break, or divide something—usually by force.",General,
Unstated,"Unstated means something is not directly expressed or explicitly said in words. Instead, it is implied, understood, or left",General,
Aleatory,"Aleatory is an adjective meaning dependent on chance, luck, or an uncertain event.",General,
Affidavit,"An affidavit is a written, voluntary statement of facts sworn to or affirmed under oath, typically signed before a notary public or authorized official.",Legal,
affiliate,"An affiliate is a person, business, or organization officially connected or associated with a larger entity.",Business,
Affiliated,"Describes an organization, person, or group that is officially connected, associated, or closely related to another, usually larger, entity",Business,
Amend,"To amend is to formally alter, improve, or correct a document, law, or statement by adding, subtracting, or substituting text.",Legal,
Annuity,"An annuity is a contract with an insurance company designed to provide steady, guaranteed income, often for retirement.",Annuities,
Claimant,"A claimant in insurance is an individual or business entity that files a formal request (a claim) with an insurance company to receive payment or compensation for a loss, damage, or injury covered by a policy. They are the party initiating the request for coverage, which can be the insured person or a third party seeking damages.",Claims,
Collateral,"Collateral is an asset—such as a home, car, or investment—pledged by a borrower to a lender to secure a loan.",General,
Conservator,A conservator is a person or organization appointed by a court to manage the personal or financial affairs of an adult who cannot care for themselves,Legal,
Consignment,Consignment is a business arrangement where a person (the consignor) gives goods to a third party (the consignee or store) to sell on their behalf.,Business,
Cognitive,"Cognitive relates to the mental processes involved in acquiring, processing, storing, and using information.",General,
Coercion,"Coercion is the act of forcing someone to do something against their will using threats, intimidation, or physical force.",Legal,
Continence,Continence is the physiological ability to voluntarily control bladder and bowel movements.,Health Insurance,
Chronic,"Chronic means persisting for a long time, constantly recurring, or continuously happening, and is most frequently used to describe ongoing illnesses, pain, or medical conditions that typically last for more than three months.",Health Insurance,
DBA,"Assumed Names. Other times it refers to “doing business as” (DBA), which describes when a business chooses to operate under a name different from its legal name.",Legal,
Defamation,"Defamation is any written or oral communication about a person or thing that is both untrue and unfavorable. Defamation, in the context of commercial insurance, false statements that harm a competitor’s reputation",Legal,
Designation,"A designation is the official appointment, selection, or identification of a person, place, or thing, often taking the form of a specific title, name, or label. It also refers to the act of appointing someone to a specific position",General,
Desist,"To stop, cease, or abstain from an action, often implying restraint or forbearance.",General,
Disclosure,"Disclosure is the act of releasing, revealing, or making known information that was previously hidden, secret, or unknown.",Legal,
Discretionary,"Discretionary refers to something that is left to an individual's or organization's own judgment, choice, or decision-making rather than being mandated by rigid rules. It broadly implies freedom of action or choice.",General,
Disseminating,"Disseminating (or dissemination) refers to the active and intentional spreading, sharing, or distribution of information, documents, or data to a specific audience, such as potential clients, policyholders, or regulatory bodies.",Life Insurance,
Discrepancy,"A discrepancy is a lack of agreement, inconsistency, or difference between two or more facts, figures, or reports that should match.",General,
Dismemberment,"Dismemberment is the act of completely disconnecting or severing the limbs, skin, or organs from a living or deceased being.",Health Insurance,
Domicile,residence,General,
Earnestly,"to do something in a serious, sincere, and determined manner, often with deep feeling or intense purpose.",General,
Endow,to furnish with an income; especially: to make a grant of money providing for the continuing support or maintenance of,General,
Endowment,"An endowment is a financial gift or pool of assets donated to a nonprofit institution, such as a university or hospital.",General,
Embezzle,"To embezzle means to dishonestly take, misappropriate, or steal money or property that has been entrusted to your care.",General,
Equity,"Equity in a life insurance policy refers to the cash value—the actual ownership interest you build. It represents the portion of your premiums that grows tax-deferred, minus any outstanding loans or fees. You can access this equity through policy loans or by surrendering the policy for cash.",Life Insurance,
Estoppel,A legal bar to alleging or denying a fact because of one's own previous actions or words to the contrary.,Legal,
Facultative,"Facultative is an adjective that means optional, discretionary, or capable of existing under varying conditions rather than being strictly mandatory or fixed.",General,
Faulty workmanship,"refers to construction or repair work that falls below accepted industry standards, violates building codes, or breaches the terms of a contract. I",General,
Forfeit,"Forfeit refers to the loss of coverage or policy benefits due to a breach of contract, such as non-payment of premiums, failure to comply with policy conditions (e.g., timely reporting of a claim), or fraudulent actions. To forfeit means to lose, surrender, or give up a right, privilege, or property as a penalty for breaking a rule, breaching a contract, or failing to meet a legal obligation",Claims,
Fraternal,"Fraternal means relating to brothers or having a brotherly, friendly relationship. It describes a close bond, a society of members with shared interests.",General,
Impairment,"Impairment is the loss or abnormality of psychological, physiological, or anatomical structure or function, leading to reduced effectiveness.",General,
Imperative,"""Imperative"" generally describes something of vital importance or an action that is commanded. It functions primarily as an adjective for urgent requirements, a noun for essential duties, and a verb mood for giving direct instructions.",General,
Indemnification,A contractual agreement where one party (the indemnitor) agrees to compensate another party (the indemnitee),General,
Indemnify,"To insure or protect against loss, damage, or injury",General,
Inducement,"An inducement is a motive, incentive, or enticement that leads a person to take action,",General,
Inherent,"Inherent is an adjective that describes a natural, essential, or permanent quality of something.",General,
Inherently,"Inherently is an adverb meaning something exists as a natural, basic, or inseparable part of someone or something else.",General,
Inherent vice,"Inherent vice is a legal and insurance term for a hidden flaw or natural characteristic in a physical object that causes it to inevitably deteriorate, spoil, or break down over time",Legal,
Infringement,"An infringement is the unauthorized violation or breach of a law, contract, or legally recognized right. Most commonly, it refers to intellectual property (IP) theft—such as the unlawful use of someone else's copyrighted material, patented invention, or registered trademark",Legal,
Insolvency,Insolvency is a term which may refer to the state of being unable to pay one's debts when they are due.,General,
Insolvency insurance,"It protects against financial losses when a business partner, such as a supplier or customer, becomes insolvent (bankrupt).",Business,
Insurance adjuster,"Insurance adjusters (or claims adjusters) are professionals who investigate, evaluate, and settle insurance claims to determine the extent of an insurer's liability.",Claims,
Insurer,"An insurer is a company or entity that underwrites risk, issues insurance policies, and pays out claims in a legal contract.",Underwriting,
Irrevocable,"Irrevocable means impossible to change, reverse, or take back. It describes a permanent, final decision or commitment that cannot be undone",General,
Lapse,"A lapse is the removal or expiration of a privilege, right, or policy due to the passage of time or inaction.",Life Insurance,
Level,"In life insurance, ""level"" means that both your premium (the amount you pay) and your death benefit (the payout your beneficiaries receive) remain fixed and unchanged for the entire duration of the policy.",Life Insurance,
Liability,"Liability refers to the legal responsibility or obligation for one’s actions, inactions, or debts. In law, it means being accountable for damages, often resulting in compensation payments. In business, it represents financial debts, such as loans or accounts payable, that require future cash outflows.",Legal,
Liberalization,"Liberalization refers to the relaxation or removal of government restrictions, laws, or regulations.",Legal,
Lienholder,"A lienholder is a person, bank, or financial institution that legally holds a claim on an asset (like a car or home) until a loan is fully paid off.",Claims,
Material,Important enough to affect the insurer’s decision.,General,
Morbidity,"Morbidity is the state of being diseased or unhealthy. In medicine and public health, it refers to the rate of illness, injury, or disability within a specific population.",Health Insurance,
Municipal,"Municipal refers to the government, services, or affairs of a specific city, town, or local district.",Business,
nonforfeiture,"Failure or refusal to forfeit something. (To forfeit means to lose, surrender, or give up a right, privilege, or property as a penalty)",Life Insurance,
Outliving,"Outliving refers to the act of living or existing longer than someone else, or surviving past a specific event, era, or object's usefulness.",General,
Paid-in capital or capital paid in,The financial cushion required for the insurer to operate. Money received from investors during stock issuances,General,
Parol Evidence Rule,"It dictates that a signed, written insurance contract is the final and complete agreement.",General,
Pertain,"to be relevant, to have a direct connection to a subject, or to belong to something as a part, quality, or function.",General,
Plaintiff,A plaintiff is the party who initiates a lawsuit in a civil case.,Legal,
Presumptive,"It means something is accepted as true or likely to happen based on reasonable evidence or probability, even without absolute, final proof.",General,
Pretext interview,A pretext interview in insurance is an investigation tactic where a person (usually an investigator or agent) obtains information about someone by using deception.,General,
Producer,"An insurance producer sells insurance products to clients on behalf of an insurance company. An insurance producer is a state-licensed individual—including agents and brokers—who acts as an intermediary to sell, solicit, or negotiate insurance policies on behalf of insurers or clients",Business,
Probate,"Probate is the court-supervised legal process that validates a deceased person's will, appoints an executor or administrator, and oversees the gathering of assets, payment of debts, and distribution of remaining property to beneficiaries.",Life Insurance,
Punitive,"Punitive means inflicting, involving, or aiming at punishment. It is often used to describe actions, policies, or financial penalties designed to discipline, penalize, or deter bad behavior rather than to compensate for a loss.",General,
Ratification,Ratification is a principal's legal confirmation of an act of its agent.,Legal,
Reassess,"Reassess means to review or consider something again, typically to decide if your judgment, opinion, or approach needs to be changed based on new factors",General,
Reciprocal,"A reciprocal is a mathematical, logical, or social relationship where two entities give, act, or correspond in return to each other.",General,
retrospective,"A retrospective (from Latin retrospectare, ""to look back"") is an act of looking back at past events, works, or experiences.",General,
Shortfall,"A shortfall is a deficiency or deficit that occurs when the actual amount of something falls short of what was expected, required, or needed. It broadly indicates a lack of resources, funds, or goods.",General,
Solicit,To approach (someone) with a request or plea,General,
Solicitation,"In insurance, solicitation refers to the act of marketing, promoting, or actively seeking to sell insurance policies to potential clients.",Business,
Solicitor,"An insurance solicitor is a licensed natural person employed by an insurance agent or broker to assist in transacting property and casualty insurance. Solicitors help find potential clients, provide insurance information, and collect applications. They work under the supervision of an agent or broker and generally do not independently bind coverage or directly represent an insurance company.",Business,
Statute,"A statute is a formal, written law enacted by a legislative body (such as the U.S. Congress or a state legislature).",Legal,
Stipulates,"It means to specify a condition, requirement, or demand as an essential part of an agreement, contract, or rule.",General,
Tender,"In the context of payment, ""tender"" refers to the act of unconditionally offering money, a check, or a card to satisfy a debt or complete a purchase.",General,
Underwriting,"Underwriting is the process where financial institutions (banks, insurers, investors) assess the risk of a venture—such as a loan, insurance policy, or security issuance—to determine the terms, price, and feasibility of accepting that risk.",Underwriting,
Vicarious,"Vicarious describes an experience or feeling that you get indirectly—by watching, listening to, or reading about someone else's experiences rather than doing it yourself.",General,
